"","Plate","Well","ID","medium","dilution_day","rep","tournament","tree","level","how_many","C_number","glucose","fructose","xylose","mannose","cellobiose","maltose","sucrose","citric_acid","fumaric_acid","galacturonic_acid","mannitol","sorbitol","glycerol","proline","cellulose","starch","glucose_c","fructose_c","xylose_c","mannose_c","cellobiose_c","maltose_c","sucrose_c","citric_acid_c","fumaric_acid_c","galacturonic_acid_c","mannitol_c","sorbitol_c","glycerol_c","proline_c","cellulose_c","starch_c","FC_number","D0","D1","D2","shannon","FaithPD","OD","D0_family","D0_0.1"
"277001_2_sequence.fastq",1,"A1",1,"1",7,"a","a","a","a","two",2,"Y","N","N","N","N","N","N","N","N","N","N","N","N","Y","N","N",0.5,0,0,0,0,0,0,0,0,0,0,0,0,0.5,0,0,"2",18,1.90835998132066,1.57968244324089,0.646244224685524,7.03983306815602,1.0585,10,6
"277002_2_sequence.fastq",1,"A2",2,"1",7,"b","a","a","a","two",2,"Y","N","N","N","N","N","N","N","N","N","N","N","N","Y","N","N",0.5,0,0,0,0,0,0,0,0,0,0,0,0,0.5,0,0,"2",12,1.37787565711622,1.18279761567178,0.320542934206771,4.60682810796121,1.05349999,8,3
"277003_2_sequence.fastq",1,"A3",3,"1",7,"c","a","a","a","two",2,"Y","N","N","N","N","N","N","N","N","N","N","N","N","Y","N","N",0.5,0,0,0,0,0,0,0,0,0,0,0,0,0.5,0,0,"2",17,1.67554326605861,1.35605124546927,0.516137450636285,6.28795181862411,1.04249999,9,7
"277004_2_sequence.fastq",1,"A4",4,"2",7,"a","a","a","a","two",2,"N","N","N","N","N","Y","N","N","Y","N","N","N","N","N","N","N",0,0,0,0,0,0.5,0,0,0.5,0,0,0,0,0,0,0,"2",15,2.85567431887151,2.33105852102266,1.04930800396639,6.6977808239239,0.89200001,9,9
"277005_2_sequence.fastq",1,"A5",5,"2",7,"b","a","a","a","two",2,"N","N","N","N","N","Y","N","N","Y","N","N","N","N","N","N","N",0,0,0,0,0,0.5,0,0,0.5,0,0,0,0,0,0,0,"2",24,3.91540295559411,2.81111952805992,1.36491825022392,9.0803719905713,1.00700002,15,9
"277006_2_sequence.fastq",1,"A6",6,"2",7,"c","a","a","a","two",2,"N","N","N","N","N","Y","N","N","Y","N","N","N","N","N","N","N",0,0,0,0,0,0.5,0,0,0.5,0,0,0,0,0,0,0,"2",20,2.54229768230747,1.74391551588335,0.933068271460693,31.2508249884742,0.95699999,11,11
"277007_2_sequence.fastq",1,"A7",7,"3",7,"a","a","a","b","two",2,"N","N","N","N","N","N","Y","N","N","Y","N","N","N","N","N","N",0,0,0,0,0,0,0.5,0,0,0.5,0,0,0,0,0,0,"2",31,6.54912303391122,4.1851140416966,1.87933115273088,58.8033861909451,0.96450001,14,20
"277008_2_sequence.fastq",1,"A8",8,"3",7,"b","a","a","b","two",2,"N","N","N","N","N","N","Y","N","N","Y","N","N","N","N","N","N",0,0,0,0,0,0,0.5,0,0,0.5,0,0,0,0,0,0,"2",27,5.65116569351827,3.00857875049529,1.7318618413147,7.27697891533846,0.97750001,12,18
"277009_2_sequence.fastq",1,"A9",9,"3",7,"c","a","a","b","two",2,"N","N","N","N","N","N","Y","N","N","Y","N","N","N","N","N","N",0,0,0,0,0,0,0.5,0,0,0.5,0,0,0,0,0,0,"2",27,2.80109773751318,1.67656730422172,1.03001138946184,8.1784059769925,1.07699998,12,18
"277010_2_sequence.fastq",1,"A10",10,"4",7,"a","a","a","b","two",2,"N","N","N","N","N","N","N","N","N","N","N","Y","N","N","Y","N",0,0,0,0,0,0,0,0,0,0,0,0.5,0,0,0.5,0,"2",27,2.36275507905999,1.49902543535359,0.859828344529908,8.20835045679997,0.76850001,12,17
"277011_2_sequence.fastq",1,"A11",11,"4",7,"b","a","a","b","two",2,"N","N","N","N","N","N","N","N","N","N","N","Y","N","N","Y","N",0,0,0,0,0,0,0,0,0,0,0,0.5,0,0,0.5,0,"2",32,9.05359477041702,5.87279693117497,2.20316189104473,28.0718714976051,0.81349999,12,24
"277012_2_sequence.fastq",1,"A12",12,"4",7,"c","a","a","b","two",2,"N","N","N","N","N","N","N","N","N","N","N","Y","N","N","Y","N",0,0,0,0,0,0,0,0,0,0,0,0.5,0,0,0.5,0,"2",32,6.85112533641107,4.58447654238803,1.92441292146896,10.0420642324882,0.74199997,15,23
"277013_2_sequence.fastq",1,"B1",13,"5",7,"a","a","a","a","four",4,"Y","N","N","N","N","Y","N","N","Y","N","N","N","N","Y","N","N",0.25,0,0,0,0,0.25,0,0,0.25,0,0,0,0,0.25,0,0,"4",30,6.67983947345893,4.54044375264659,1.89909395634049,7.44992446889288,0.876,10,22
"277014_2_sequence.fastq",1,"B2",14,"5",7,"b","a","a","a","four",4,"Y","N","N","N","N","Y","N","N","Y","N","N","N","N","Y","N","N",0.25,0,0,0,0,0.25,0,0,0.25,0,0,0,0,0.25,0,0,"4",36,6.76517257115479,4.11790130782027,1.91178777070682,8.91422084253571,0.87499999,15,28
"277015_2_sequence.fastq",1,"B3",15,"5",7,"c","a","a","a","four",4,"Y","N","N","N","N","Y","N","N","Y","N","N","N","N","Y","N","N",0.25,0,0,0,0,0.25,0,0,0.25,0,0,0,0,0.25,0,0,"4",31,4.60413096641879,2.48896921701424,1.52695393667981,8.34099447904256,0.78249998,13,20
"277016_2_sequence.fastq",1,"B4",16,"6",7,"a","a","a","b","four",4,"N","N","N","N","N","N","Y","N","N","Y","N","Y","N","N","Y","N",0,0,0,0,0,0,0.25,0,0,0.25,0,0.25,0,0,0.25,0,"4",10,2.56144663558511,2.31648792318796,0.94057219091253,5.41732858848421,0.9925,7,4
"277017_2_sequence.fastq",1,"B5",17,"6",7,"b","a","a","b","four",4,"N","N","N","N","N","N","Y","N","N","Y","N","Y","N","N","Y","N",0,0,0,0,0,0,0.25,0,0,0.25,0,0.25,0,0,0.25,0,"4",14,3.3151277562161,2.99805682583921,1.19849616172361,26.4711207118661,0.95299996,8,6
"277018_2_sequence.fastq",1,"B6",18,"6",7,"c","a","a","b","four",4,"N","N","N","N","N","N","Y","N","N","Y","N","Y","N","N","Y","N",0,0,0,0,0,0,0.25,0,0,0.25,0,0.25,0,0,0.25,0,"4",17,2.99845955607695,2.5153837267159,1.09809867548375,6.91144039529069,0.95650002,10,7
"277019_2_sequence.fastq",1,"B7",19,"7",7,"a","a","a","c","eight",8,"Y","N","N","N","N","Y","Y","N","Y","Y","N","Y","N","Y","Y","N",0.125,0,0,0,0,0.125,0.125,0,0.125,0.125,0,0.125,0,0.125,0.125,0,"8",34,2.63272688181653,1.65868806983546,0.968020146237845,9.19813004247264,0.98850001,15,19
"277021_2_sequence.fastq",1,"B9",21,"7",7,"c","a","a","c","eight",8,"Y","N","N","N","N","Y","Y","N","Y","Y","N","Y","N","Y","Y","N",0.125,0,0,0,0,0.125,0.125,0,0.125,0.125,0,0.125,0,0.125,0.125,0,"8",36,5.61551968485782,3.9199405670017,1.72553413686541,9.38889960543469,0.91949999,15,18
"277022_2_sequence.fastq",1,"B10",22,"8",7,"a","a","b","a","two",2,"N","Y","N","N","Y","N","N","N","N","N","N","N","N","N","N","N",0,0.5,0,0,0.5,0,0,0,0,0,0,0,0,0,0,0,"2",14,1.11795332072307,1.0331972954964,0.111499621377407,4.28117001492604,1.085,7,4
"277023_2_sequence.fastq",1,"B11",23,"8",7,"b","a","b","a","two",2,"N","Y","N","N","Y","N","N","N","N","N","N","N","N","N","N","N",0,0.5,0,0,0.5,0,0,0,0,0,0,0,0,0,0,0,"2",26,2.83754459643487,1.66718357418455,1.04293909948925,31.7067277542424,1.12849999,12,17
"277024_2_sequence.fastq",1,"B12",24,"8",7,"c","a","b","a","two",2,"N","Y","N","N","Y","N","N","N","N","N","N","N","N","N","N","N",0,0.5,0,0,0.5,0,0,0,0,0,0,0,0,0,0,0,"2",27,6.96224991797616,4.51460509431484,1.94050268618479,8.05441723328817,1.15350001,14,18
"277026_2_sequence.fastq",1,"C2",26,"9",7,"b","a","b","a","two",2,"N","N","N","Y","N","N","N","Y","N","N","N","N","N","N","N","N",0,0,0,0.5,0,0,0,0.5,0,0,0,0,0,0,0,0,"2",24,3.20092879235179,2.02319876368587,1.16344101530193,7.26799991954859,0.90600003,13,15
"277027_2_sequence.fastq",1,"C3",27,"9",7,"c","a","b","a","two",2,"N","N","N","Y","N","N","N","Y","N","N","N","N","N","N","N","N",0,0,0,0.5,0,0,0,0.5,0,0,0,0,0,0,0,0,"2",31,5.49871891787342,3.26035136486203,1.7045151410844,8.48982433943248,0.89600001,13,22
"277028_2_sequence.fastq",1,"C4",28,"10",7,"a","a","b","b","two",2,"N","N","Y","N","N","N","N","N","N","N","Y","N","N","N","N","N",0,0,0.5,0,0,0,0,0,0,0,0.5,0,0,0,0,0,"2",32,2.73548019749341,1.67045583966079,1.00630699541435,24.3785346557119,1.01800002,16,15
"277029_2_sequence.fastq",1,"C5",29,"10",7,"b","a","b","b","two",2,"N","N","Y","N","N","N","N","N","N","N","Y","N","N","N","N","N",0,0,0.5,0,0,0,0,0,0,0,0.5,0,0,0,0,0,"2",30,3.5002687251557,1.99466486722471,1.25283974416396,7.16847525028129,1.07349999,11,17
"277030_2_sequence.fastq",1,"C6",30,"10",7,"c","a","b","b","two",2,"N","N","Y","N","N","N","N","N","N","N","Y","N","N","N","N","N",0,0,0.5,0,0,0,0,0,0,0,0.5,0,0,0,0,0,"2",10,3.49938736163423,2.82996955765856,1.25258791364108,3.7179006835488,1.05500001,6,9
"277031_2_sequence.fastq",1,"C7",31,"11",7,"a","a","b","b","two",2,"N","N","N","N","N","N","N","N","N","N","N","N","Y","N","N","Y",0,0,0,0,0,0,0,0,0,0,0,0,0.5,0,0,0.5,"2",36,10.9328583867673,7.72008263051544,2.39177278554373,8.43903190415853,0.89700002,13,28
"277032_2_sequence.fastq",1,"C8",32,"11",7,"b","a","b","b","two",2,"N","N","N","N","N","N","N","N","N","N","N","N","Y","N","N","Y",0,0,0,0,0,0,0,0,0,0,0,0,0.5,0,0,0.5,"2",15,4.05333580754215,3.1398530344026,1.39954019828308,5.80626592234648,1.00900002,7,11
"277034_2_sequence.fastq",1,"C10",34,"12",7,"a","a","b","a","four",4,"N","Y","N","Y","Y","N","N","Y","N","N","N","N","N","N","N","N",0,0.25,0,0.25,0.25,0,0,0.25,0,0,0,0,0,0,0,0,"4",22,4.83360804346071,3.93045033921858,1.57559319572136,6.88567062225104,0.91699999,11,15
"277035_2_sequence.fastq",1,"C11",35,"12",7,"b","a","b","a","four",4,"N","Y","N","Y","Y","N","N","Y","N","N","N","N","N","N","N","N",0,0.25,0,0.25,0.25,0,0,0.25,0,0,0,0,0,0,0,0,"4",28,3.45446102242502,2.61601957940328,1.23966644575236,31.2026007817989,0.97099997,14,11
"277036_2_sequence.fastq",1,"C12",36,"12",7,"c","a","b","a","four",4,"N","Y","N","Y","Y","N","N","Y","N","N","N","N","N","N","N","N",0,0.25,0,0.25,0.25,0,0,0.25,0,0,0,0,0,0,0,0,"4",23,3.83350211737751,2.62277918621438,1.343778776352,7.43983283733743,0.9285,12,15
"277037_2_sequence.fastq",1,"D1",37,"13",7,"a","a","b","b","four",4,"N","N","Y","N","N","N","N","N","N","N","Y","N","N","N","N","Y",0,0,0.25,0,0,0,0,0,0,0,0.25,0,0.25,0,0,0.25,"4",36,9.61260572315995,5.89056854488958,2.26307533327947,6.84679938901865,0.986,11,28
"277038_2_sequence.fastq",1,"D2",38,"13",7,"b","a","b","b","four",4,"N","N","Y","N","N","N","N","N","N","N","Y","N","N","N","N","Y",0,0,0.25,0,0,0,0,0,0,0,0.25,0,0.25,0,0,0.25,"4",35,8.70194886273073,6.09652007961815,2.1635470077851,23.7590454789133,1.0695,14,22
"277039_2_sequence.fastq",1,"D3",39,"13",7,"c","a","b","b","four",4,"N","N","Y","N","N","N","N","N","N","N","Y","N","N","N","N","Y",0,0,0.25,0,0,0,0,0,0,0,0.25,0,0.25,0,0,0.25,"4",35,2.9008294830157,1.64347738393101,1.06499672472014,9.67969014307416,1.14399999,15,17
"277040_2_sequence.fastq",1,"D4",40,"14",7,"a","a","b","c","eight",8,"N","Y","Y","Y","Y","N","N","Y","N","N","Y","N","N","N","N","Y",0,0.125,0.125,0.125,0.125,0,0,0.125,0,0,0.125,0,0.125,0,0,0.125,"8",22,6.92188211509606,4.92076736907404,1.93468771459949,6.54437268775686,1.02049999,10,17
"277041_2_sequence.fastq",1,"D5",41,"14",7,"b","a","b","c","eight",8,"N","Y","Y","Y","Y","N","N","Y","N","N","Y","N","N","N","N","Y",0,0.125,0.125,0.125,0.125,0,0,0.125,0,0,0.125,0,0.125,0,0,0.125,"8",24,4.60648116543357,3.19313611479324,1.52746426086503,6.66710886469626,1.10199999,11,16
"277042_2_sequence.fastq",1,"D6",42,"14",7,"c","a","b","c","eight",8,"N","Y","Y","Y","Y","N","N","Y","N","N","Y","N","N","N","N","Y",0,0.125,0.125,0.125,0.125,0,0,0.125,0,0,0.125,0,0.125,0,0,0.125,"8",28,4.45572507191189,2.50143023894727,1.49418980231758,7.58038275600778,0.95450003,13,22
"277043_2_sequence.fastq",1,"D7",43,"15",7,"a","b","a","a","two",2,"N","N","Y","N","N","N","N","N","N","N","N","N","Y","N","N","N",0,0,0.5,0,0,0,0,0,0,0,0,0,0.5,0,0,0,"2",31,1.9971063635657,1.29826706868522,0.69169931469069,8.11230369392586,1.0165,12,17
"277044_2_sequence.fastq",1,"D8",44,"15",7,"b","b","a","a","two",2,"N","N","Y","N","N","N","N","N","N","N","N","N","Y","N","N","N",0,0,0.5,0,0,0,0,0,0,0,0,0,0.5,0,0,0,"2",16,2.23027770817805,1.69078809236561,0.80212611053373,5.9684842745246,1.0145,6,10
"277045_2_sequence.fastq",1,"D9",45,"15",7,"c","b","a","a","two",2,"N","N","Y","N","N","N","N","N","N","N","N","N","Y","N","N","N",0,0,0.5,0,0,0,0,0,0,0,0,0,0.5,0,0,0,"2",28,3.23214539725668,1.9881709079844,1.17314612642194,7.50585061503062,1.06600001,10,18
"277046_2_sequence.fastq",1,"D10",46,"16",7,"a","b","a","a","two",2,"N","N","N","Y","N","N","N","N","N","N","N","Y","N","N","N","N",0,0,0,0.5,0,0,0,0,0,0,0,0.5,0,0,0,0,"2",26,6.30270757624949,3.76750571831879,1.84097931507895,7.75149662430999,1.03499997,12,18
"277047_2_sequence.fastq",1,"D11",47,"16",7,"b","b","a","a","two",2,"N","N","N","Y","N","N","N","N","N","N","N","Y","N","N","N","N",0,0,0,0.5,0,0,0,0,0,0,0,0.5,0,0,0,0,"2",20,2.93940351646218,2.36976319474368,1.07820667520945,30.6446903197535,1.02149997,12,9
"277048_2_sequence.fastq",1,"D12",48,"16",7,"c","b","a","a","two",2,"N","N","N","Y","N","N","N","N","N","N","N","Y","N","N","N","N",0,0,0,0.5,0,0,0,0,0,0,0,0.5,0,0,0,0,"2",21,1.21608192538776,1.0578799005513,0.195634154126305,5.82079803295162,1.02400001,11,9
"277049_2_sequence.fastq",1,"E1",49,"17",7,"a","b","a","b","two",2,"Y","N","N","N","Y","N","N","N","N","N","N","N","N","N","N","N",0.5,0,0,0,0.5,0,0,0,0,0,0,0,0,0,0,0,"2",30,5.11507507512517,3.571732804,1.6321920767397,29.6601620879476,1.08150002,11,15
"277050_2_sequence.fastq",1,"E2",50,"17",7,"b","b","a","b","two",2,"Y","N","N","N","Y","N","N","N","N","N","N","N","N","N","N","N",0.5,0,0,0,0.5,0,0,0,0,0,0,0,0,0,0,0,"2",25,2.80222922098778,1.96957384002644,1.03041525077436,7.20868075285212,1.03349999,11,9
"277051_2_sequence.fastq",1,"E3",51,"17",7,"c","b","a","b","two",2,"Y","N","N","N","Y","N","N","N","N","N","N","N","N","N","N","N",0.5,0,0,0,0.5,0,0,0,0,0,0,0,0,0,0,0,"2",15,4.27485046831061,3.49794619241508,1.45274912360402,4.15463057566936,1.11199997,8,11
"277052_2_sequence.fastq",1,"E4",52,"18",7,"a","b","a","b","two",2,"N","Y","N","N","N","N","N","N","N","N","N","N","N","N","Y","N",0,0.5,0,0,0,0,0,0,0,0,0,0,0,0,0.5,0,"2",29,3.34981105056792,1.8071512995788,1.20890394143073,32.582649475046,0.7745,16,21
"277053_2_sequence.fastq",1,"E5",53,"18",7,"b","b","a","b","two",2,"N","Y","N","N","N","N","N","N","N","N","N","N","N","N","Y","N",0,0.5,0,0,0,0,0,0,0,0,0,0,0,0,0.5,0,"2",18,1.25323367676425,1.06952962525402,0.225727152352337,5.81775524829462,0.79349998,13,12
"277054_2_sequence.fastq",1,"E6",54,"18",7,"c","b","a","b","two",2,"N","Y","N","N","N","N","N","N","N","N","N","N","N","N","Y","N",0,0.5,0,0,0,0,0,0,0,0,0,0,0,0,0.5,0,"2",28,3.23650622345138,1.80654628657105,1.17449442189711,8.52300670722454,0.76500002,15,23
"277055_2_sequence.fastq",1,"E7",55,"19",7,"a","b","a","a","four",4,"N","N","Y","Y","N","N","N","N","N","N","N","Y","Y","N","N","N",0,0,0.25,0.25,0,0,0,0,0,0,0,0.25,0.25,0,0,0,"4",21,2.33180943536746,1.48924091487517,0.846644547896832,7.16283559114329,1.09299999,12,12
"277056_2_sequence.fastq",1,"E8",56,"19",7,"b","b","a","a","four",4,"N","N","Y","Y","N","N","N","N","N","N","N","Y","Y","N","N","N",0,0,0.25,0.25,0,0,0,0,0,0,0,0.25,0.25,0,0,0,"4",23,4.6353012476266,2.46433276933197,1.53370119099999,7.1374822589739,1.0805,11,16
"277057_2_sequence.fastq",1,"E9",57,"19",7,"c","b","a","a","four",4,"N","N","Y","Y","N","N","N","N","N","N","N","Y","Y","N","N","N",0,0,0.25,0.25,0,0,0,0,0,0,0,0.25,0.25,0,0,0,"4",33,11.2393318936836,8.98979787331039,2.41941940263518,8.82330308952892,0.89499999,16,23
"277058_2_sequence.fastq",1,"E10",58,"20",7,"a","b","a","b","four",4,"Y","Y","N","N","Y","N","N","N","N","N","N","N","N","N","Y","N",0.25,0.25,0,0,0.25,0,0,0,0,0,0,0,0,0,0.25,0,"4",26,2.76390853117489,1.76564810622572,1.01664581243993,7.44622940049735,0.9025,13,10
"277059_2_sequence.fastq",1,"E11",59,"20",7,"b","b","a","b","four",4,"Y","Y","N","N","Y","N","N","N","N","N","N","N","N","N","Y","N",0.25,0.25,0,0,0.25,0,0,0,0,0,0,0,0,0,0.25,0,"4",37,7.28581237089751,4.50188555917666,1.9859289462506,32.9552741732463,0.85650001,14,22
"277060_2_sequence.fastq",1,"E12",60,"20",7,"c","b","a","b","four",4,"Y","Y","N","N","Y","N","N","N","N","N","N","N","N","N","Y","N",0.25,0.25,0,0,0.25,0,0,0,0,0,0,0,0,0,0.25,0,"4",47,11.5527744086775,7.70932434251902,2.44692561666586,11.0249133130913,0.98099999,18,32
"277061_2_sequence.fastq",1,"F1",61,"21",7,"a","b","a","c","eight",8,"Y","Y","Y","Y","Y","N","N","N","N","N","N","Y","Y","N","Y","N",0.125,0.125,0.125,0.125,0.125,0,0,0,0,0,0,0.125,0.125,0,0.125,0,"8",33,9.58523951570903,6.93845428359641,2.26022436478311,8.37767822244677,0.83000001,15,29
"277062_2_sequence.fastq",1,"F2",62,"21",7,"b","b","a","c","eight",8,"Y","Y","Y","Y","Y","N","N","N","N","N","N","Y","Y","N","Y","N",0.125,0.125,0.125,0.125,0.125,0,0,0,0,0,0,0.125,0.125,0,0.125,0,"8",33,5.55839493372918,3.44680660799318,1.71530938560216,8.7406782585604,0.90100002,15,23
"277063_2_sequence.fastq",1,"F3",63,"21",7,"c","b","a","c","eight",8,"Y","Y","Y","Y","Y","N","N","N","N","N","N","Y","Y","N","Y","N",0.125,0.125,0.125,0.125,0.125,0,0,0,0,0,0,0.125,0.125,0,0.125,0,"8",29,5.29439399629504,3.3350569156409,1.66664852421189,9.92211248119764,0.81900001,15,16
"277064_2_sequence.fastq",1,"F4",64,"22",7,"a","b","b","a","two",2,"N","N","N","N","N","N","N","N","N","N","Y","N","N","N","N","Y",0,0,0,0,0,0,0,0,0,0,0.5,0,0,0,0,0.5,"2",31,7.02457159298406,4.48222432533791,1.94941423015514,8.79776498087241,0.91150001,14,20
"277065_2_sequence.fastq",1,"F5",65,"22",7,"b","b","b","a","two",2,"N","N","N","N","N","N","N","N","N","N","Y","N","N","N","N","Y",0,0,0,0,0,0,0,0,0,0,0.5,0,0,0,0,0.5,"2",21,5.08247665202952,3.68453665171053,1.62579867271336,4.42233587816343,0.87049998,8,15
"277066_2_sequence.fastq",1,"F6",66,"22",7,"c","b","b","a","two",2,"N","N","N","N","N","N","N","N","N","N","Y","N","N","N","N","Y",0,0,0,0,0,0,0,0,0,0,0.5,0,0,0,0,0.5,"2",15,4.45625199191978,3.19857886850037,1.49430805217499,29.8701254015294,0.89500003,7,13
"277067_2_sequence.fastq",1,"F7",67,"23",7,"a","b","b","a","two",2,"N","N","N","N","N","N","N","N","Y","Y","N","N","N","N","N","N",0,0,0,0,0,0,0,0,0.5,0.5,0,0,0,0,0,0,"2",19,2.11727572846598,1.51803923914097,0.750130228577587,7.71129111926132,0.72250001,11,9
"277068_2_sequence.fastq",1,"F8",68,"23",7,"b","b","b","a","two",2,"N","N","N","N","N","N","N","N","Y","Y","N","N","N","N","N","N",0,0,0,0,0,0,0,0,0.5,0.5,0,0,0,0,0,0,"2",18,1.26336502816644,1.08186296602194,0.233778818369917,7.12352936545922,0.73449999,9,5
"277069_2_sequence.fastq",1,"F9",69,"23",7,"c","b","b","a","two",2,"N","N","N","N","N","N","N","N","Y","Y","N","N","N","N","N","N",0,0,0,0,0,0,0,0,0.5,0.5,0,0,0,0,0,0,"2",20,1.16367246970212,1.04525376276428,0.151580926296086,41.4529607112882,0.73850002,9,6
"277070_2_sequence.fastq",1,"F10",70,"24",7,"a","b","b","b","two",2,"N","N","N","N","N","Y","N","Y","N","N","N","N","N","N","N","N",0,0,0,0,0,0.5,0,0.5,0,0,0,0,0,0,0,0,"2",21,3.06204728899466,2.57348497557989,1.11908374094206,7.72655381062003,0.82049999,12,9
"277071_2_sequence.fastq",1,"F11",71,"24",7,"b","b","b","b","two",2,"N","N","N","N","N","Y","N","Y","N","N","N","N","N","N","N","N",0,0,0,0,0,0.5,0,0.5,0,0,0,0,0,0,0,0,"2",12,3.1262248068682,2.3815310035845,1.13982614459848,5.39648016113753,0.85099999,7,9
"277072_2_sequence.fastq",1,"F12",72,"24",7,"c","b","b","b","two",2,"N","N","N","N","N","Y","N","Y","N","N","N","N","N","N","N","N",0,0,0,0,0,0.5,0,0.5,0,0,0,0,0,0,0,0,"2",21,3.14760727232103,2.49686090296984,1.1466425681097,6.70873735961141,0.8185,10,11
"277073_2_sequence.fastq",1,"G1",73,"25",7,"a","b","b","b","two",2,"N","N","N","N","N","N","Y","N","N","N","N","N","N","Y","N","N",0,0,0,0,0,0,0.5,0,0,0,0,0,0,0.5,0,0,"2",24,2.92937024360275,2.10373432522024,1.07478746600339,7.89360565841084,0.95449999,13,11
"277074_2_sequence.fastq",1,"G2",74,"25",7,"b","b","b","b","two",2,"N","N","N","N","N","N","Y","N","N","N","N","N","N","Y","N","N",0,0,0,0,0,0,0.5,0,0,0,0,0,0,0.5,0,0,"2",25,3.26825992136935,2.48774831763712,1.18425770913773,7.80708859301377,0.94249997,13,10
"277075_2_sequence.fastq",1,"G3",75,"25",7,"c","b","b","b","two",2,"N","N","N","N","N","N","Y","N","N","N","N","N","N","Y","N","N",0,0,0,0,0,0,0.5,0,0,0,0,0,0,0.5,0,0,"2",18,2.57154406077349,1.77343204066817,0.944506520355337,7.18654604316061,0.9355,11,9
"277076_2_sequence.fastq",1,"G4",76,"26",7,"a","b","b","a","four",4,"N","N","N","N","N","N","N","N","Y","Y","Y","N","N","N","N","Y",0,0,0,0,0,0,0,0,0.25,0.25,0.25,0,0,0,0,0.25,"4",33,8.38960018044889,5.60919516598735,2.1269928650467,8.15284821705357,0.81250001,14,24
"277077_2_sequence.fastq",1,"G5",77,"26",7,"b","b","b","a","four",4,"N","N","N","N","N","N","N","N","Y","Y","Y","N","N","N","N","Y",0,0,0,0,0,0,0,0,0.25,0.25,0.25,0,0,0,0,0.25,"4",20,7.95523715746281,5.72980933172129,2.07383047372284,6.82090620721907,0.86449999,9,15
"277078_2_sequence.fastq",1,"G6",78,"26",7,"c","b","b","a","four",4,"N","N","N","N","N","N","N","N","Y","Y","Y","N","N","N","N","Y",0,0,0,0,0,0,0,0,0.25,0.25,0.25,0,0,0,0,0.25,"4",34,7.0773057988924,4.08426892915257,1.95689329840349,9.32409023515643,0.86649999,17,24
"277079_2_sequence.fastq",1,"G7",79,"27",7,"a","b","b","b","four",4,"N","N","N","N","N","Y","Y","Y","N","N","N","N","N","Y","N","N",0,0,0,0,0,0.25,0.25,0.25,0,0,0,0,0,0.25,0,0,"4",25,5.32372502750971,3.16893000806301,1.67217325147363,7.38387071565552,0.81299998,12,16
"277080_2_sequence.fastq",1,"G8",80,"27",7,"b","b","b","b","four",4,"N","N","N","N","N","Y","Y","Y","N","N","N","N","N","Y","N","N",0,0,0,0,0,0.25,0.25,0.25,0,0,0,0,0,0.25,0,0,"4",16,2.6267830450261,2.18462140451563,0.965759920702191,7.30398664410761,0.87899998,11,7
"277081_2_sequence.fastq",1,"G9",81,"27",7,"c","b","b","b","four",4,"N","N","N","N","N","Y","Y","Y","N","N","N","N","N","Y","N","N",0,0,0,0,0,0.25,0.25,0.25,0,0,0,0,0,0.25,0,0,"4",22,3.21323630495483,2.4043021561029,1.16727862394497,7.88113526032239,0.85050002,14,12
"277082_2_sequence.fastq",1,"G10",82,"28",7,"a","b","b","c","eight",8,"N","N","N","N","N","Y","Y","Y","Y","Y","Y","N","N","Y","N","Y",0,0,0,0,0,0.125,0.125,0.125,0.125,0.125,0.125,0,0,0.125,0,0.125,"8",28,4.96878788956067,2.58804829191222,1.60317592496339,7.3789879201355,0.865,13,19
"277083_2_sequence.fastq",1,"G11",83,"28",7,"b","b","b","c","eight",8,"N","N","N","N","N","Y","Y","Y","Y","Y","Y","N","N","Y","N","Y",0,0,0,0,0,0.125,0.125,0.125,0.125,0.125,0.125,0,0,0.125,0,0.125,"8",30,6.88381422282376,4.76233559527446,1.9291728911786,8.25921011905268,0.88599999,14,15
"277084_2_sequence.fastq",1,"G12",84,"28",7,"c","b","b","c","eight",8,"N","N","N","N","N","Y","Y","Y","Y","Y","Y","N","N","Y","N","Y",0,0,0,0,0,0.125,0.125,0.125,0.125,0.125,0.125,0,0,0.125,0,0.125,"8",31,4.30758361139846,2.33735214294554,1.46037709988704,31.851091302075,0.89400001,10,17
"277085_2_sequence.fastq",1,"H1",85,"29",7,"a","c","a","a","two",2,"N","N","N","N","N","N","N","N","Y","N","N","N","N","Y","N","N",0,0,0,0,0,0,0,0,0.5,0,0,0,0,0.5,0,0,"2",17,1.7084606339125,1.40268338710427,0.535592750992271,6.87266274593557,0.80850001,10,6
"277086_2_sequence.fastq",1,"H2",86,"29",7,"b","c","a","a","two",2,"N","N","N","N","N","N","N","N","Y","N","N","N","N","Y","N","N",0,0,0,0,0,0,0,0,0.5,0,0,0,0,0.5,0,0,"2",7,1.27596072945601,1.12951036626222,0.243699408160608,2.4466025935817,0.78600001,5,3
"277087_2_sequence.fastq",1,"H3",87,"29",7,"c","c","a","a","two",2,"N","N","N","N","N","N","N","N","Y","N","N","N","N","Y","N","N",0,0,0,0,0,0,0,0,0.5,0,0,0,0,0.5,0,0,"2",9,1.2133462401353,1.08848720392384,0.193382030398113,3.39674075219917,0.81799999,6,2
"277088_2_sequence.fastq",1,"H4",88,"30",7,"a","c","a","a","two",2,"N","N","N","N","N","N","N","Y","N","N","N","N","Y","N","N","N",0,0,0,0,0,0,0,0.5,0,0,0,0,0.5,0,0,0,"2",15,3.19201799347647,2.59699535937268,1.16065331662571,5.12559097586001,0.77550001,7,9
"277089_2_sequence.fastq",1,"H5",89,"30",7,"b","c","a","a","two",2,"N","N","N","N","N","N","N","Y","N","N","N","N","Y","N","N","N",0,0,0,0,0,0,0,0.5,0,0,0,0,0.5,0,0,0,"2",17,2.65068877756133,2.07998940728512,0.974819522286684,7.56053479563719,0.78899998,11,7
"277090_2_sequence.fastq",1,"H6",90,"30",7,"c","c","a","a","two",2,"N","N","N","N","N","N","N","Y","N","N","N","N","Y","N","N","N",0,0,0,0,0,0,0,0.5,0,0,0,0,0.5,0,0,0,"2",18,3.11739284503377,2.18936292399689,1.13699702589913,7.12629647202652,0.72149999,10,11
"277091_2_sequence.fastq",1,"H7",91,"31",7,"a","c","a","b","two",2,"N","Y","N","N","N","N","N","N","N","N","N","N","N","N","N","Y",0,0.5,0,0,0,0,0,0,0,0,0,0,0,0,0,0.5,"2",34,7.13737840709148,3.54730406988816,1.96534553905299,10.9436452530286,0.85999999,18,26
"277092_2_sequence.fastq",1,"H8",92,"31",7,"b","c","a","b","two",2,"N","Y","N","N","N","N","N","N","N","N","N","N","N","N","N","Y",0,0.5,0,0,0,0,0,0,0,0,0,0,0,0,0,0.5,"2",34,6.17492413052179,3.64731727537029,1.82049659588338,8.04270411203023,0.865,15,23
"277093_2_sequence.fastq",1,"H9",93,"31",7,"c","c","a","b","two",2,"N","Y","N","N","N","N","N","N","N","N","N","N","N","N","N","Y",0,0.5,0,0,0,0,0,0,0,0,0,0,0,0,0,0.5,"2",25,9.2545742901604,7.47574946937719,2.22511794714585,31.849638512561,0.9175,14,20
"277094_2_sequence.fastq",1,"H10",94,"32",7,"a","c","a","b","two",2,"Y","N","N","N","N","N","N","N","N","N","N","N","N","N","Y","N",0.5,0,0,0,0,0,0,0,0,0,0,0,0,0,0.5,0,"2",24,3.8665533307225,2.87630334182819,1.35236349799459,7.32800953415342,0.60149999,11,11
"277095_2_sequence.fastq",1,"H11",95,"32",7,"b","c","a","b","two",2,"Y","N","N","N","N","N","N","N","N","N","N","N","N","N","Y","N",0.5,0,0,0,0,0,0,0,0,0,0,0,0,0,0.5,0,"2",30,4.13060657874593,3.20248981323782,1.41842426755545,8.47716437660267,0.616,13,14
"278001_2_sequence.fastq",2,"A1",97,"33",7,"a","c","a","a","four",4,"N","N","N","N","N","N","N","Y","Y","N","N","N","Y","Y","N","N",0,0,0,0,0,0,0,0.25,0.25,0,0,0,0.25,0.25,0,0,"4",20,2.3863381853088,2.09478101252237,0.869760050978458,6.45722624598922,0.843,10,8
"278002_2_sequence.fastq",2,"A2",98,"33",7,"b","c","a","a","four",4,"N","N","N","N","N","N","N","Y","Y","N","N","N","Y","Y","N","N",0,0,0,0,0,0,0,0.25,0.25,0,0,0,0.25,0.25,0,0,"4",21,2.10180220610299,1.84175222404179,0.742795170074362,6.8026767210817,0.81300002,10,5
"278003_2_sequence.fastq",2,"A3",99,"33",7,"c","c","a","a","four",4,"N","N","N","N","N","N","N","Y","Y","N","N","N","Y","Y","N","N",0,0,0,0,0,0,0,0.25,0.25,0,0,0,0.25,0.25,0,0,"4",23,2.41938212470066,2.1270560530919,0.883512187197171,7.77268552511168,0.81549998,13,10
"278004_2_sequence.fastq",2,"A4",100,"34",7,"a","c","a","b","four",4,"Y","Y","N","N","N","N","N","N","N","N","N","N","N","N","Y","Y",0.25,0.25,0,0,0,0,0,0,0,0,0,0,0,0,0.25,0.25,"4",29,5.54001802630915,3.64492363752603,1.71199775460032,7.84410430375703,0.86749997,13,22
"278005_2_sequence.fastq",2,"A5",101,"34",7,"b","c","a","b","four",4,"Y","Y","N","N","N","N","N","N","N","N","N","N","N","N","Y","Y",0.25,0.25,0,0,0,0,0,0,0,0,0,0,0,0,0.25,0.25,"4",29,2.37195830487859,1.57629732568323,0.863715902936544,46.5290237092233,0.999,11,11
"278006_2_sequence.fastq",2,"A6",102,"34",7,"c","c","a","b","four",4,"Y","Y","N","N","N","N","N","N","N","N","N","N","N","N","Y","Y",0.25,0.25,0,0,0,0,0,0,0,0,0,0,0,0,0.25,0.25,"4",44,11.4766332560467,7.82076196337325,2.44031307750005,8.88078164242542,0.759,16,27
"278007_2_sequence.fastq",2,"A7",103,"35",7,"a","c","a","c","eight",8,"Y","Y","N","N","N","N","N","Y","Y","N","N","N","Y","Y","Y","Y",0.125,0.125,0,0,0,0,0,0.125,0.125,0,0,0,0.125,0.125,0.125,0.125,"8",23,3.82411061977115,3.24374899963663,1.34132592253518,6.81253913947973,0.83700001,11,13
"278008_2_sequence.fastq",2,"A8",104,"35",7,"b","c","a","c","eight",8,"Y","Y","N","N","N","N","N","Y","Y","N","N","N","Y","Y","Y","Y",0.125,0.125,0,0,0,0,0,0.125,0.125,0,0,0,0.125,0.125,0.125,0.125,"8",24,3.46393512746119,2.85279403372655,1.2424052628866,34.62052460129,0.90849999,12,9
"278009_2_sequence.fastq",2,"A9",105,"35",7,"c","c","a","c","eight",8,"Y","Y","N","N","N","N","N","Y","Y","N","N","N","Y","Y","Y","Y",0.125,0.125,0,0,0,0,0,0.125,0.125,0,0,0,0.125,0.125,0.125,0.125,"8",25,4.15316702373612,3.03991966299971,1.42387118145034,8.1003788314214,0.81900001,12,15
"278010_2_sequence.fastq",2,"A10",106,"36",7,"a","c","b","a","two",2,"N","N","N","N","N","Y","Y","N","N","N","N","N","N","N","N","N",0,0,0,0,0,0.5,0.5,0,0,0,0,0,0,0,0,0,"2",22,2.36793773782881,1.85274311509876,0.862019423529472,8.4190686786929,0.95850002,15,12
"278011_2_sequence.fastq",2,"A11",107,"36",7,"b","c","b","a","two",2,"N","N","N","N","N","Y","Y","N","N","N","N","N","N","N","N","N",0,0,0,0,0,0.5,0.5,0,0,0,0,0,0,0,0,0,"2",21,3.29661976462186,2.51338622845756,1.19289762975363,22.9372535719356,1.00650001,13,12
"278012_2_sequence.fastq",2,"A12",108,"36",7,"c","c","b","a","two",2,"N","N","N","N","N","Y","Y","N","N","N","N","N","N","N","N","N",0,0,0,0,0,0.5,0.5,0,0,0,0,0,0,0,0,0,"2",31,3.79813550617742,2.15748022598593,1.33451029005206,8.39809221983197,0.88299997,13,13
"278013_2_sequence.fastq",2,"B1",109,"37",7,"a","c","b","a","two",2,"N","N","N","N","Y","N","N","N","N","Y","N","N","N","N","N","N",0,0,0,0,0.5,0,0,0,0,0.5,0,0,0,0,0,0,"2",32,3.36036617098578,1.86309220728068,1.21204994749734,8.02529303484458,0.87200001,12,17
"278014_2_sequence.fastq",2,"B2",110,"37",7,"b","c","b","a","two",2,"N","N","N","N","Y","N","N","N","N","Y","N","N","N","N","N","N",0,0,0,0,0.5,0,0,0,0,0.5,0,0,0,0,0,0,"2",27,3.51892033312283,2.35530601805751,1.25815421901607,8.10130520478068,0.90799998,13,15
"278015_2_sequence.fastq",2,"B3",111,"37",7,"c","c","b","a","two",2,"N","N","N","N","Y","N","N","N","N","Y","N","N","N","N","N","N",0,0,0,0,0.5,0,0,0,0,0.5,0,0,0,0,0,0,"2",17,2.45663856981828,2.06989155542488,0.898793980487385,5.99653074554047,0.83500002,8,10
"278016_2_sequence.fastq",2,"B4",112,"38",7,"a","c","b","b","two",2,"N","N","Y","Y","N","N","N","N","N","N","N","N","N","N","N","N",0,0,0.5,0.5,0,0,0,0,0,0,0,0,0,0,0,0,"2",26,2.90514211777602,1.73861646642487,1.066482310889,31.5979256143037,0.854,12,18
"278017_2_sequence.fastq",2,"B5",113,"38",7,"b","c","b","b","two",2,"N","N","Y","Y","N","N","N","N","N","N","N","N","N","N","N","N",0,0,0.5,0.5,0,0,0,0,0,0,0,0,0,0,0,0,"2",28,1.6131437718685,1.25168259617627,0.478184928381421,40.7202352564931,0.93500003,13,8
"278018_2_sequence.fastq",2,"B6",114,"38",7,"c","c","b","b","two",2,"N","N","Y","Y","N","N","N","N","N","N","N","N","N","N","N","N",0,0,0.5,0.5,0,0,0,0,0,0,0,0,0,0,0,0,"2",20,3.57338993531663,2.6797357807126,1.27351470695636,21.5425660553383,0.92250001,9,16
"278019_2_sequence.fastq",2,"B7",115,"39",7,"a","c","b","b","two",2,"N","N","N","N","N","N","N","N","N","N","Y","Y","N","N","N","N",0,0,0,0,0,0,0,0,0,0,0.5,0.5,0,0,0,0,"2",23,1.65414426155288,1.25074055467472,0.503283812600297,32.3423687402704,1.01499997,12,11
"278020_2_sequence.fastq",2,"B8",116,"39",7,"b","c","b","b","two",2,"N","N","N","N","N","N","N","N","N","N","Y","Y","N","N","N","N",0,0,0,0,0,0,0,0,0,0,0.5,0.5,0,0,0,0,"2",28,3.02037647715029,2.03021023877331,1.10538148492525,7.81285955148116,1.01500001,12,17
"278021_2_sequence.fastq",2,"B9",117,"39",7,"c","c","b","b","two",2,"N","N","N","N","N","N","N","N","N","N","Y","Y","N","N","N","N",0,0,0,0,0,0,0,0,0,0,0.5,0.5,0,0,0,0,"2",31,5.74528082388215,3.1030922834537,1.74837879154769,9.02563319763587,1.10599998,15,22
"278022_2_sequence.fastq",2,"B10",118,"40",7,"a","c","b","a","four",4,"N","N","N","N","Y","Y","Y","N","N","Y","N","N","N","N","N","N",0,0,0,0,0.25,0.25,0.25,0,0,0.25,0,0,0,0,0,0,"4",12,2.19316704365346,1.67015548702168,0.785346637831474,6.28540085439194,0.93049999,9,7
"278023_2_sequence.fastq",2,"B11",119,"40",7,"b","c","b","a","four",4,"N","N","N","N","Y","Y","Y","N","N","Y","N","N","N","N","N","N",0,0,0,0,0.25,0.25,0.25,0,0,0.25,0,0,0,0,0,0,"4",9,1.23340829447601,1.07552755038711,0.209781308439952,3.58717157218409,0.79150002,7,7
"278024_2_sequence.fastq",2,"B12",120,"40",7,"c","c","b","a","four",4,"N","N","N","N","Y","Y","Y","N","N","Y","N","N","N","N","N","N",0,0,0,0,0.25,0.25,0.25,0,0,0.25,0,0,0,0,0,0,"4",34,5.3962589940544,3.47724645423629,1.68570593460924,9.25013099210988,1.03350002,16,24
"278025_2_sequence.fastq",2,"C1",121,"41",7,"a","c","b","b","four",4,"N","N","Y","Y","N","N","N","N","N","N","Y","Y","N","N","N","N",0,0,0.25,0.25,0,0,0,0,0,0,0.25,0.25,0,0,0,0,"4",19,1.53676481802567,1.21021436812901,0.429679439202401,7.16451198819395,0.89900002,11,7
"278026_2_sequence.fastq",2,"C2",122,"41",7,"b","c","b","b","four",4,"N","N","Y","Y","N","N","N","N","N","N","Y","Y","N","N","N","N",0,0,0.25,0.25,0,0,0,0,0,0,0.25,0.25,0,0,0,0,"4",38,7.79311672710106,4.60283517040574,2.05324087320441,9.39904643580577,0.96199997,19,26
"278027_2_sequence.fastq",2,"C3",123,"41",7,"c","c","b","b","four",4,"N","N","Y","Y","N","N","N","N","N","N","Y","Y","N","N","N","N",0,0,0.25,0.25,0,0,0,0,0,0,0.25,0.25,0,0,0,0,"4",34,6.66574349912879,4.62380110478983,1.89698150016663,33.5728954312563,0.95200002,16,20
"278028_2_sequence.fastq",2,"C4",124,"42",7,"a","c","b","c","eight",8,"N","N","Y","Y","Y","Y","Y","N","N","Y","Y","Y","N","N","N","N",0,0,0.125,0.125,0.125,0.125,0.125,0,0,0.125,0.125,0.125,0,0,0,0,"8",31,1.91973560302679,1.33829355840473,0.652187469800363,8.18243376928126,0.95449999,14,15
"278029_2_sequence.fastq",2,"C5",125,"42",7,"b","c","b","c","eight",8,"N","N","Y","Y","Y","Y","Y","N","N","Y","Y","Y","N","N","N","N",0,0,0.125,0.125,0.125,0.125,0.125,0,0,0.125,0.125,0.125,0,0,0,0,"8",46,9.57378188373341,5.92019274746888,2.25902830856472,27.2943369431483,0.88950001,20,33
"278030_2_sequence.fastq",2,"C6",126,"42",7,"c","c","b","c","eight",8,"N","N","Y","Y","Y","Y","Y","N","N","Y","Y","Y","N","N","N","N",0,0,0.125,0.125,0.125,0.125,0.125,0,0,0.125,0.125,0.125,0,0,0,0,"8",36,7.480314824519,4.2034232277601,2.01227487994011,9.1400623963688,0.96249998,16,23
"278031_2_sequence.fastq",2,"C7",127,"43",7,"a","x","x","x","one",1,"Y","N","N","N","N","N","N","N","N","N","N","N","N","N","N","N",1,0,0,0,0,0,0,0,0,0,0,0,0,0,0,0,"1",23,2.05329015670271,1.48200122052091,0.719443461076386,26.9672223997765,0.89749999,12,9
"278032_2_sequence.fastq",2,"C8",128,"43",7,"b","x","x","x","one",1,"Y","N","N","N","N","N","N","N","N","N","N","N","N","N","N","N",1,0,0,0,0,0,0,0,0,0,0,0,0,0,0,0,"1",28,2.38929037597762,1.90450719377873,0.870996408038888,8.01692904672126,0.88750001,11,9
"278033_2_sequence.fastq",2,"C9",129,"43",7,"c","x","x","x","one",1,"Y","N","N","N","N","N","N","N","N","N","N","N","N","N","N","N",1,0,0,0,0,0,0,0,0,0,0,0,0,0,0,0,"1",21,3.31749387516641,2.19116318992496,1.1992096410029,9.47803573034957,0.8515,9,11
"278034_2_sequence.fastq",2,"C10",130,"44",7,"a","x","x","x","one",1,"N","Y","N","N","N","N","N","N","N","N","N","N","N","N","N","N",0,1,0,0,0,0,0,0,0,0,0,0,0,0,0,0,"1",25,2.10262360979769,1.38480237467631,0.743185902954961,7.55523418652861,1.00649998,11,12
"278035_2_sequence.fastq",2,"C11",131,"44",7,"b","x","x","x","one",1,"N","Y","N","N","N","N","N","N","N","N","N","N","N","N","N","N",0,1,0,0,0,0,0,0,0,0,0,0,0,0,0,0,"1",35,3.08925531198019,1.6829158727244,1.12793006250548,51.3919147226677,0.95149998,14,18
"278036_2_sequence.fastq",2,"C12",132,"44",7,"c","x","x","x","one",1,"N","Y","N","N","N","N","N","N","N","N","N","N","N","N","N","N",0,1,0,0,0,0,0,0,0,0,0,0,0,0,0,0,"1",33,4.39008634878958,2.48593123501644,1.47934889632179,51.3946014913109,0.93199998,13,22
"278037_2_sequence.fastq",2,"D1",133,"45",7,"a","x","x","x","one",1,"N","N","Y","N","N","N","N","N","N","N","N","N","N","N","N","N",0,0,1,0,0,0,0,0,0,0,0,0,0,0,0,0,"1",28,5.07467945315468,3.32701237849236,1.62426336099309,7.95485681412443,0.98549999,13,19
"278038_2_sequence.fastq",2,"D2",134,"45",7,"b","x","x","x","one",1,"N","N","Y","N","N","N","N","N","N","N","N","N","N","N","N","N",0,0,1,0,0,0,0,0,0,0,0,0,0,0,0,0,"1",18,1.7378890378595,1.29992329259961,0.552671180075177,27.1957068178259,0.9815,10,7
"278039_2_sequence.fastq",2,"D3",135,"45",7,"c","x","x","x","one",1,"N","N","Y","N","N","N","N","N","N","N","N","N","N","N","N","N",0,0,1,0,0,0,0,0,0,0,0,0,0,0,0,0,"1",29,3.9681953064065,2.6508349752906,1.37831140857588,6.65540115768241,1.0015,12,20
"278040_2_sequence.fastq",2,"D4",136,"46",7,"a","x","x","x","one",1,"N","N","N","Y","N","N","N","N","N","N","N","N","N","N","N","N",0,0,0,1,0,0,0,0,0,0,0,0,0,0,0,0,"1",29,1.54808067415869,1.15486172279779,0.437015888899182,9.78145218727885,0.94300002,12,15
"278041_2_sequence.fastq",2,"D5",137,"46",7,"b","x","x","x","one",1,"N","N","N","Y","N","N","N","N","N","N","N","N","N","N","N","N",0,0,0,1,0,0,0,0,0,0,0,0,0,0,0,0,"1",16,1.64181011491329,1.28390737639616,0.49579936178118,6.88971633263585,0.9045,11,8
"278042_2_sequence.fastq",2,"D6",138,"46",7,"c","x","x","x","one",1,"N","N","N","Y","N","N","N","N","N","N","N","N","N","N","N","N",0,0,0,1,0,0,0,0,0,0,0,0,0,0,0,0,"1",7,2.00114983534995,1.71457521430972,0.693721933033068,2.98071359367324,0.80300003,5,4
"278043_2_sequence.fastq",2,"D7",139,"47",7,"a","x","x","x","one",1,"N","N","N","N","Y","N","N","N","N","N","N","N","N","N","N","N",0,0,0,0,1,0,0,0,0,0,0,0,0,0,0,0,"1",17,3.152253486768,2.31343818466114,1.14811758969098,18.6131754489065,0.669,8,10
"278044_2_sequence.fastq",2,"D8",140,"47",7,"b","x","x","x","one",1,"N","N","N","N","Y","N","N","N","N","N","N","N","N","N","N","N",0,0,0,0,1,0,0,0,0,0,0,0,0,0,0,0,"1",31,5.79177741955761,3.70144203259917,1.75643922540122,33.0384472056025,0.9465,16,17
"278045_2_sequence.fastq",2,"D9",141,"47",7,"c","x","x","x","one",1,"N","N","N","N","Y","N","N","N","N","N","N","N","N","N","N","N",0,0,0,0,1,0,0,0,0,0,0,0,0,0,0,0,"1",17,2.47087978579721,1.68599546598217,0.90457427580166,6.97698442987953,0.93399998,10,11
"278046_2_sequence.fastq",2,"D10",142,"48",7,"a","x","x","x","one",1,"N","N","N","N","N","Y","N","N","N","N","N","N","N","N","N","N",0,0,0,0,0,1,0,0,0,0,0,0,0,0,0,0,"1",26,4.1086638829544,2.31035184413183,1.41309788634966,5.39327732273759,0.97399998,11,19
"278047_2_sequence.fastq",2,"D11",143,"48",7,"b","x","x","x","one",1,"N","N","N","N","N","Y","N","N","N","N","N","N","N","N","N","N",0,0,0,0,0,1,0,0,0,0,0,0,0,0,0,0,"1",25,3.4955010485096,2.24905333548666,1.25147672692969,28.7499690285869,0.942,15,13
"278048_2_sequence.fastq",2,"D12",144,"48",7,"c","x","x","x","one",1,"N","N","N","N","N","Y","N","N","N","N","N","N","N","N","N","N",0,0,0,0,0,1,0,0,0,0,0,0,0,0,0,0,"1",17,3.9988667225284,2.61164497671116,1.38601100160948,44.997610769868,0.93350001,9,11
"278049_2_sequence.fastq",2,"E1",145,"49",7,"a","x","x","x","one",1,"N","N","N","N","N","N","Y","N","N","N","N","N","N","N","N","N",0,0,0,0,0,0,1,0,0,0,0,0,0,0,0,0,"1",17,2.56667331451511,2.07445438267118,0.942610630258998,28.471062696414,1.00099999,8,10
"278050_2_sequence.fastq",2,"E2",146,"49",7,"b","x","x","x","one",1,"N","N","N","N","N","N","Y","N","N","N","N","N","N","N","N","N",0,0,0,0,0,0,1,0,0,0,0,0,0,0,0,0,"1",29,6.64473893850301,4.78839642870022,1.89382540448646,31.9219768663355,0.9285,14,17
"278051_2_sequence.fastq",2,"E3",147,"49",7,"c","x","x","x","one",1,"N","N","N","N","N","N","Y","N","N","N","N","N","N","N","N","N",0,0,0,0,0,0,1,0,0,0,0,0,0,0,0,0,"1",18,1.81387127809237,1.3599848708007,0.595463388917357,7.18377913229695,0.92700001,10,10
"278052_2_sequence.fastq",2,"E4",148,"50",7,"a","x","x","x","one",1,"N","N","N","N","N","N","N","Y","N","N","N","N","N","N","N","N",0,0,0,0,0,0,0,1,0,0,0,0,0,0,0,0,"1",8,1.94323341140171,1.82653063323119,0.66435329256877,2.71027657363373,0.67249998,6,3
"278053_2_sequence.fastq",2,"E5",149,"50",7,"b","x","x","x","one",1,"N","N","N","N","N","N","N","Y","N","N","N","N","N","N","N","N",0,0,0,0,0,0,0,1,0,0,0,0,0,0,0,0,"1",8,2.07686703546486,2.02138129874883,0.730860525254418,4.38575161411931,0.68100002,6,3
"278054_2_sequence.fastq",2,"E6",150,"50",7,"c","x","x","x","one",1,"N","N","N","N","N","N","N","Y","N","N","N","N","N","N","N","N",0,0,0,0,0,0,0,1,0,0,0,0,0,0,0,0,"1",8,2.0818500562291,2.00592761702448,0.733256948497021,3.64410757370579,0.69150001,5,4
"278055_2_sequence.fastq",2,"E7",151,"51",7,"a","x","x","x","one",1,"N","N","N","N","N","N","N","N","Y","N","N","N","N","N","N","N",0,0,0,0,0,0,0,0,1,0,0,0,0,0,0,0,"1",13,2.02637985610682,1.88617358802424,0.70625087892695,5.8048230509332,0.77150002,8,3
"278056_2_sequence.fastq",2,"E8",152,"51",7,"b","x","x","x","one",1,"N","N","N","N","N","N","N","N","Y","N","N","N","N","N","N","N",0,0,0,0,0,0,0,0,1,0,0,0,0,0,0,0,"1",14,1.9800402777888,1.79218867656491,0.683117186817119,3.66812451882171,0.76650001,6,5
"278057_2_sequence.fastq",2,"E9",153,"51",7,"c","x","x","x","one",1,"N","N","N","N","N","N","N","N","Y","N","N","N","N","N","N","N",0,0,0,0,0,0,0,0,1,0,0,0,0,0,0,0,"1",10,1.93981042950367,1.78118652012304,0.66259025154996,4.1410551411691,0.744,5,3
"278058_2_sequence.fastq",2,"E10",154,"52",7,"a","x","x","x","one",1,"N","N","N","N","N","N","N","N","N","Y","N","N","N","N","N","N",0,0,0,0,0,0,0,0,0,1,0,0,0,0,0,0,"1",31,4.15344560427843,2.47744069553792,1.42393825585356,8.40741342827078,0.65850001,11,16
"278059_2_sequence.fastq",2,"E11",155,"52",7,"b","x","x","x","one",1,"N","N","N","N","N","N","N","N","N","Y","N","N","N","N","N","N",0,0,0,0,0,0,0,0,0,1,0,0,0,0,0,0,"1",21,3.60727706939286,2.26069218652713,1.28295321333032,6.12716045332671,0.70700001,9,14
"278060_2_sequence.fastq",2,"E12",156,"52",7,"c","x","x","x","one",1,"N","N","N","N","N","N","N","N","N","Y","N","N","N","N","N","N",0,0,0,0,0,0,0,0,0,1,0,0,0,0,0,0,"1",27,3.87864422906808,2.73233883907374,1.35548566707395,8.06246048316083,0.6865,14,14
"278061_2_sequence.fastq",2,"F1",157,"53",7,"a","x","x","x","one",1,"N","N","N","N","N","N","N","N","N","N","Y","N","N","N","N","N",0,0,0,0,0,0,0,0,0,0,1,0,0,0,0,0,"1",27,7.34467286887116,5.29324772192658,1.99397527069951,31.4396104097831,0.9355,10,22
"278062_2_sequence.fastq",2,"F2",158,"53",7,"b","x","x","x","one",1,"N","N","N","N","N","N","N","N","N","N","Y","N","N","N","N","N",0,0,0,0,0,0,0,0,0,0,1,0,0,0,0,0,"1",9,3.07980317140688,2.94927770613324,1.12486568955607,3.78493558252705,0.97499996,6,6
"278063_2_sequence.fastq",2,"F3",159,"53",7,"c","x","x","x","one",1,"N","N","N","N","N","N","N","N","N","N","Y","N","N","N","N","N",0,0,0,0,0,0,0,0,0,0,1,0,0,0,0,0,"1",14,3.72227459415728,2.86056733834676,1.31433493146792,3.83336347296267,0.909,6,11
"278064_2_sequence.fastq",2,"F4",160,"54",7,"a","x","x","x","one",1,"N","N","N","N","N","N","N","N","N","N","N","Y","N","N","N","N",0,0,0,0,0,0,0,0,0,0,0,1,0,0,0,0,"1",36,6.71376161493552,3.47903095596965,1.90415939225808,8.62908890694812,1.10100001,14,25
"278065_2_sequence.fastq",2,"F5",161,"54",7,"b","x","x","x","one",1,"N","N","N","N","N","N","N","N","N","N","N","Y","N","N","N","N",0,0,0,0,0,0,0,0,0,0,0,1,0,0,0,0,"1",20,2.29056851625174,1.4719872147669,0.82880004712658,7.56966905843313,0.84249999,12,12
"278066_2_sequence.fastq",2,"F6",162,"54",7,"c","x","x","x","one",1,"N","N","N","N","N","N","N","N","N","N","N","Y","N","N","N","N",0,0,0,0,0,0,0,0,0,0,0,1,0,0,0,0,"1",48,8.17353047243482,4.87291516381871,2.10090094190121,10.3064480242223,1.03599999,18,24
"278067_2_sequence.fastq",2,"F7",163,"55",7,"a","x","x","x","one",1,"N","N","N","N","N","N","N","N","N","N","N","N","Y","N","N","N",0,0,0,0,0,0,0,0,0,0,0,0,1,0,0,0,"1",17,1.20057288264977,1.05620463916084,0.182798845081914,4.52582727823911,1.00299999,7,6
"278068_2_sequence.fastq",2,"F8",164,"55",7,"b","x","x","x","one",1,"N","N","N","N","N","N","N","N","N","N","N","N","Y","N","N","N",0,0,0,0,0,0,0,0,0,0,0,0,1,0,0,0,"1",28,4.8022038733483,2.81978960782264,1.5690749528221,7.23533884828127,0.96900001,9,17
"278069_2_sequence.fastq",2,"F9",165,"55",7,"c","x","x","x","one",1,"N","N","N","N","N","N","N","N","N","N","N","N","Y","N","N","N",0,0,0,0,0,0,0,0,0,0,0,0,1,0,0,0,"1",26,2.75453579164041,1.56121909858928,1.01324893172547,6.95898441564025,0.99349998,11,19
"278070_2_sequence.fastq",2,"F10",166,"56",7,"a","x","x","x","one",1,"N","N","N","N","N","N","N","N","N","N","N","N","N","Y","N","N",0,0,0,0,0,0,0,0,0,0,0,0,0,1,0,0,"1",8,1.20362522765111,1.07429228776812,0.185338025716195,3.4717504897298,0.9245,5,4
"278071_2_sequence.fastq",2,"F11",167,"56",7,"b","x","x","x","one",1,"N","N","N","N","N","N","N","N","N","N","N","N","N","Y","N","N",0,0,0,0,0,0,0,0,0,0,0,0,0,1,0,0,"1",10,1.66088976711843,1.39485412586812,0.507353463057673,5.3239126776328,0.85200001,7,6
"278072_2_sequence.fastq",2,"F12",168,"56",7,"c","x","x","x","one",1,"N","N","N","N","N","N","N","N","N","N","N","N","N","Y","N","N",0,0,0,0,0,0,0,0,0,0,0,0,0,1,0,0,"1",15,1.62729414731082,1.32424021619603,0.486918603113604,7.14863699390646,0.91049999,10,7
"278073_2_sequence.fastq",2,"G1",169,"57",7,"a","x","x","x","one",1,"N","N","N","N","N","N","N","N","N","N","N","N","N","N","Y","N",0,0,0,0,0,0,0,0,0,0,0,0,0,0,1,0,"1",48,5.35850683399456,3.04498048320802,1.678685360526,29.5717547712051,0.41900001,18,27
"278074_2_sequence.fastq",2,"G2",170,"57",7,"b","x","x","x","one",1,"N","N","N","N","N","N","N","N","N","N","N","N","N","N","Y","N",0,0,0,0,0,0,0,0,0,0,0,0,0,0,1,0,"1",40,6.02139689179104,3.70942971541222,1.79531927422894,9.19367990549743,0.41850001,19,21
"278075_2_sequence.fastq",2,"G3",171,"57",7,"c","x","x","x","one",1,"N","N","N","N","N","N","N","N","N","N","N","N","N","N","Y","N",0,0,0,0,0,0,0,0,0,0,0,0,0,0,1,0,"1",33,3.81959976393167,2.08296383681015,1.34014564328945,7.1917324735067,0.4015,18,22
"278076_2_sequence.fastq",2,"G4",172,"58",7,"a","x","x","x","one",1,"N","N","N","N","N","N","N","N","N","N","N","N","N","N","N","Y",0,0,0,0,0,0,0,0,0,0,0,0,0,0,0,1,"1",7,1.3671158505397,1.16516182516688,0.312703302168238,2.98440367047433,0.68500001,4,5
"278077_2_sequence.fastq",2,"G5",173,"58",7,"b","x","x","x","one",1,"N","N","N","N","N","N","N","N","N","N","N","N","N","N","N","Y",0,0,0,0,0,0,0,0,0,0,0,0,0,0,0,1,"1",38,3.87546700580492,2.13749740165168,1.35466617317072,27.8468035360446,0.83500002,17,23
"278078_2_sequence.fastq",2,"G6",174,"58",7,"c","x","x","x","one",1,"N","N","N","N","N","N","N","N","N","N","N","N","N","N","N","Y",0,0,0,0,0,0,0,0,0,0,0,0,0,0,0,1,"1",28,4.57272051001944,3.19541504186329,1.52010832538404,7.94521249906706,0.702,14,17
"278079_2_sequence.fastq",2,"G7",175,"59",7,"a","x","x","x","fifteen",15,"N","Y","Y","Y","Y","Y","Y","Y","Y","Y","Y","Y","Y","Y","Y","Y",0,0.066666667,0.066666667,0.066666667,0.066666667,0.066666667,0.066666667,0.066666667,0.066666667,0.066666667,0.066666667,0.066666667,0.066666667,0.066666667,0.066666667,0.066666667,"15",44,10.0058440485962,6.07705414922122,2.30316932715565,10.6628527511891,0.82699999,19,28
"278080_2_sequence.fastq",2,"G8",176,"59",7,"b","x","x","x","fifteen",15,"N","Y","Y","Y","Y","Y","Y","Y","Y","Y","Y","Y","Y","Y","Y","Y",0,0.066666667,0.066666667,0.066666667,0.066666667,0.066666667,0.066666667,0.066666667,0.066666667,0.066666667,0.066666667,0.066666667,0.066666667,0.066666667,0.066666667,0.066666667,"15",40,10.7294483718011,6.61315197711649,2.37299214542369,9.66152338798476,0.902,17,27
"278081_2_sequence.fastq",2,"G9",177,"59",7,"c","x","x","x","fifteen",15,"N","Y","Y","Y","Y","Y","Y","Y","Y","Y","Y","Y","Y","Y","Y","Y",0,0.066666667,0.066666667,0.066666667,0.066666667,0.066666667,0.066666667,0.066666667,0.066666667,0.066666667,0.066666667,0.066666667,0.066666667,0.066666667,0.066666667,0.066666667,"15",36,9.41852681468368,5.72045227566623,2.24267868725882,9.14211080052184,0.93199998,16,27
"278082_2_sequence.fastq",2,"G10",178,"60",7,"a","x","x","x","fifteen",15,"Y","N","Y","Y","Y","Y","Y","Y","Y","Y","Y","Y","Y","Y","Y","Y",0.066666667,0,0.066666667,0.066666667,0.066666667,0.066666667,0.066666667,0.066666667,0.066666667,0.066666667,0.066666667,0.066666667,0.066666667,0.066666667,0.066666667,0.066666667,"15",32,7.28439235202784,5.39258255832371,1.98573402532791,8.3756486760125,0.81749998,15,21
"278083_2_sequence.fastq",2,"G11",179,"60",7,"b","x","x","x","fifteen",15,"Y","N","Y","Y","Y","Y","Y","Y","Y","Y","Y","Y","Y","Y","Y","Y",0.066666667,0,0.066666667,0.066666667,0.066666667,0.066666667,0.066666667,0.066666667,0.066666667,0.066666667,0.066666667,0.066666667,0.066666667,0.066666667,0.066666667,0.066666667,"15",36,7.90921750441349,5.58189646569269,2.06802885203327,8.432680256704,0.891,13,23
"278084_2_sequence.fastq",2,"G12",180,"60",7,"c","x","x","x","fifteen",15,"Y","N","Y","Y","Y","Y","Y","Y","Y","Y","Y","Y","Y","Y","Y","Y",0.066666667,0,0.066666667,0.066666667,0.066666667,0.066666667,0.066666667,0.066666667,0.066666667,0.066666667,0.066666667,0.066666667,0.066666667,0.066666667,0.066666667,0.066666667,"15",41,7.17969805732402,3.57008696402491,1.97125732887838,8.80854477322802,0.91499999,15,31
"278085_2_sequence.fastq",2,"H1",181,"61",7,"a","x","x","x","fifteen",15,"Y","Y","N","Y","Y","Y","Y","Y","Y","Y","Y","Y","Y","Y","Y","Y",0.066666667,0.066666667,0,0.066666667,0.066666667,0.066666667,0.066666667,0.066666667,0.066666667,0.066666667,0.066666667,0.066666667,0.066666667,0.066666667,0.066666667,0.066666667,"15",38,3.32359065520221,2.19146889655619,1.20104572115538,32.9588653183106,0.91449998,16,23
"278087_2_sequence.fastq",2,"H3",183,"61",7,"c","x","x","x","fifteen",15,"Y","Y","N","Y","Y","Y","Y","Y","Y","Y","Y","Y","Y","Y","Y","Y",0.066666667,0.066666667,0,0.066666667,0.066666667,0.066666667,0.066666667,0.066666667,0.066666667,0.066666667,0.066666667,0.066666667,0.066666667,0.066666667,0.066666667,0.066666667,"15",38,6.32731330939834,4.09542580736263,1.84487570836313,12.226481804312,0.8185,20,25
"278088_2_sequence.fastq",2,"H4",184,"62",7,"a","x","x","x","fifteen",15,"Y","Y","Y","N","Y","Y","Y","Y","Y","Y","Y","Y","Y","Y","Y","Y",0.066666667,0.066666667,0.066666667,0,0.066666667,0.066666667,0.066666667,0.066666667,0.066666667,0.066666667,0.066666667,0.066666667,0.066666667,0.066666667,0.066666667,0.066666667,"15",39,6.26828533967012,4.45359738536861,1.83550284669791,12.243165112438,0.9065,19,20
"278089_2_sequence.fastq",2,"H5",185,"62",7,"b","x","x","x","fifteen",15,"Y","Y","Y","N","Y","Y","Y","Y","Y","Y","Y","Y","Y","Y","Y","Y",0.066666667,0.066666667,0.066666667,0,0.066666667,0.066666667,0.066666667,0.066666667,0.066666667,0.066666667,0.066666667,0.066666667,0.066666667,0.066666667,0.066666667,0.066666667,"15",45,6.76687130513346,3.83691418383033,1.9120388390603,9.73905906513897,0.91699999,16,26
"278090_2_sequence.fastq",2,"H6",186,"62",7,"c","x","x","x","fifteen",15,"Y","Y","Y","N","Y","Y","Y","Y","Y","Y","Y","Y","Y","Y","Y","Y",0.066666667,0.066666667,0.066666667,0,0.066666667,0.066666667,0.066666667,0.066666667,0.066666667,0.066666667,0.066666667,0.066666667,0.066666667,0.066666667,0.066666667,0.066666667,"15",60,6.32067939690704,3.19625668076996,1.84382670189172,30.2026672916602,0.79149999,21,38
"278091_2_sequence.fastq",2,"H7",187,"63",7,"a","x","x","x","fifteen",15,"Y","Y","Y","Y","N","Y","Y","Y","Y","Y","Y","Y","Y","Y","Y","Y",0.066666667,0.066666667,0.066666667,0.066666667,0,0.066666667,0.066666667,0.066666667,0.066666667,0.066666667,0.066666667,0.066666667,0.066666667,0.066666667,0.066666667,0.066666667,"15",33,5.43998856749317,3.08200069763048,1.69377695930189,9.54184980207034,0.86999997,16,21
"278092_2_sequence.fastq",2,"H8",188,"63",7,"b","x","x","x","fifteen",15,"Y","Y","Y","Y","N","Y","Y","Y","Y","Y","Y","Y","Y","Y","Y","Y",0.066666667,0.066666667,0.066666667,0.066666667,0,0.066666667,0.066666667,0.066666667,0.066666667,0.066666667,0.066666667,0.066666667,0.066666667,0.066666667,0.066666667,0.066666667,"15",51,9.15453791217659,4.14752543167128,2.21424970303248,13.9447220140523,0.84249999,20,32
"278093_2_sequence.fastq",2,"H9",189,"63",7,"c","x","x","x","fifteen",15,"Y","Y","Y","Y","N","Y","Y","Y","Y","Y","Y","Y","Y","Y","Y","Y",0.066666667,0.066666667,0.066666667,0.066666667,0,0.066666667,0.066666667,0.066666667,0.066666667,0.066666667,0.066666667,0.066666667,0.066666667,0.066666667,0.066666667,0.066666667,"15",38,6.37020108542048,3.52897632853943,1.85163103665576,11.7639403412792,0.85100003,12,24
"278094_2_sequence.fastq",2,"H10",190,"64",7,"a","x","x","x","fifteen",15,"Y","Y","Y","Y","Y","N","Y","Y","Y","Y","Y","Y","Y","Y","Y","Y",0.066666667,0.066666667,0.066666667,0.066666667,0.066666667,0,0.066666667,0.066666667,0.066666667,0.066666667,0.066666667,0.066666667,0.066666667,0.066666667,0.066666667,0.066666667,"15",51,8.0349105722151,3.82744454536519,2.08379586934722,36.2862992720655,0.82000002,17,33
"278095_2_sequence.fastq",2,"H11",191,"64",7,"b","x","x","x","fifteen",15,"Y","Y","Y","Y","Y","N","Y","Y","Y","Y","Y","Y","Y","Y","Y","Y",0.066666667,0.066666667,0.066666667,0.066666667,0.066666667,0,0.066666667,0.066666667,0.066666667,0.066666667,0.066666667,0.066666667,0.066666667,0.066666667,0.066666667,0.066666667,"15",42,9.27746088884559,5.62981346692827,2.22758789824398,9.66155868419942,0.953,19,25
"279001_2_sequence.fastq",3,"A1",193,"65",7,"a","x","x","x","fifteen",15,"Y","Y","Y","Y","Y","Y","N","Y","Y","Y","Y","Y","Y","Y","Y","Y",0.066666667,0.066666667,0.066666667,0.066666667,0.066666667,0.066666667,0,0.066666667,0.066666667,0.066666667,0.066666667,0.066666667,0.066666667,0.066666667,0.066666667,0.066666667,"15",40,7.67894892290862,4.09724882565739,2.03848267879726,9.21867172518513,0.8515,15,26
"279002_2_sequence.fastq",3,"A2",194,"65",7,"b","x","x","x","fifteen",15,"Y","Y","Y","Y","Y","Y","N","Y","Y","Y","Y","Y","Y","Y","Y","Y",0.066666667,0.066666667,0.066666667,0.066666667,0.066666667,0.066666667,0,0.066666667,0.066666667,0.066666667,0.066666667,0.066666667,0.066666667,0.066666667,0.066666667,0.066666667,"15",36,8.16980495363646,4.40545584577477,2.10044503510303,8.43620487569763,0.90849999,14,25
"279003_2_sequence.fastq",3,"A3",195,"65",7,"c","x","x","x","fifteen",15,"Y","Y","Y","Y","Y","Y","N","Y","Y","Y","Y","Y","Y","Y","Y","Y",0.066666667,0.066666667,0.066666667,0.066666667,0.066666667,0.066666667,0,0.066666667,0.066666667,0.066666667,0.066666667,0.066666667,0.066666667,0.066666667,0.066666667,0.066666667,"15",33,4.17452124608092,2.87775148248126,1.42899968013014,9.29615941394501,1.0125,16,21
"279004_2_sequence.fastq",3,"A4",196,"66",7,"a","x","x","x","fifteen",15,"Y","Y","Y","Y","Y","Y","Y","N","Y","Y","Y","Y","Y","Y","Y","Y",0.066666667,0.066666667,0.066666667,0.066666667,0.066666667,0.066666667,0.066666667,0,0.066666667,0.066666667,0.066666667,0.066666667,0.066666667,0.066666667,0.066666667,0.066666667,"15",43,8.82674495215361,4.96574898343848,2.17778631156306,23.9360461077049,0.89749999,17,27
"279005_2_sequence.fastq",3,"A5",197,"66",7,"b","x","x","x","fifteen",15,"Y","Y","Y","Y","Y","Y","Y","N","Y","Y","Y","Y","Y","Y","Y","Y",0.066666667,0.066666667,0.066666667,0.066666667,0.066666667,0.066666667,0.066666667,0,0.066666667,0.066666667,0.066666667,0.066666667,0.066666667,0.066666667,0.066666667,0.066666667,"15",42,6.75166761038712,3.23343473875781,1.90978952776246,24.2993167327661,1.03549998,17,29
"279006_2_sequence.fastq",3,"A6",198,"66",7,"c","x","x","x","fifteen",15,"Y","Y","Y","Y","Y","Y","Y","N","Y","Y","Y","Y","Y","Y","Y","Y",0.066666667,0.066666667,0.066666667,0.066666667,0.066666667,0.066666667,0.066666667,0,0.066666667,0.066666667,0.066666667,0.066666667,0.066666667,0.066666667,0.066666667,0.066666667,"15",36,6.36856587107728,3.24215000873112,1.85137430625826,9.79864169316295,1.09899998,18,21
"279007_2_sequence.fastq",3,"A7",199,"67",7,"a","x","x","x","fifteen",15,"Y","Y","Y","Y","Y","Y","Y","Y","N","Y","Y","Y","Y","Y","Y","Y",0.066666667,0.066666667,0.066666667,0.066666667,0.066666667,0.066666667,0.066666667,0.066666667,0,0.066666667,0.066666667,0.066666667,0.066666667,0.066666667,0.066666667,0.066666667,"15",52,7.9442540045949,4.91930822768816,2.07244890062683,11.8123197156,0.854,18,31
"279008_2_sequence.fastq",3,"A8",200,"67",7,"b","x","x","x","fifteen",15,"Y","Y","Y","Y","Y","Y","Y","Y","N","Y","Y","Y","Y","Y","Y","Y",0.066666667,0.066666667,0.066666667,0.066666667,0.066666667,0.066666667,0.066666667,0.066666667,0,0.066666667,0.066666667,0.066666667,0.066666667,0.066666667,0.066666667,0.066666667,"15",48,6.51234890201873,3.89044580378618,1.8737002055848,12.6274757043493,0.80800001,18,28
"279009_2_sequence.fastq",3,"A9",201,"67",7,"c","x","x","x","fifteen",15,"Y","Y","Y","Y","Y","Y","Y","Y","N","Y","Y","Y","Y","Y","Y","Y",0.066666667,0.066666667,0.066666667,0.066666667,0.066666667,0.066666667,0.066666667,0.066666667,0,0.066666667,0.066666667,0.066666667,0.066666667,0.066666667,0.066666667,0.066666667,"15",46,7.77947556679815,3.91120674014386,2.05148892805173,11.5560243430313,0.98200001,20,30
"279010_2_sequence.fastq",3,"A10",202,"68",7,"a","x","x","x","fifteen",15,"Y","Y","Y","Y","Y","Y","Y","Y","Y","N","Y","Y","Y","Y","Y","Y",0.066666667,0.066666667,0.066666667,0.066666667,0.066666667,0.066666667,0.066666667,0.066666667,0.066666667,0,0.066666667,0.066666667,0.066666667,0.066666667,0.066666667,0.066666667,"15",43,8.52755893489718,3.98357975391019,2.14330314644447,10.099678734273,0.90099998,16,31
"279011_2_sequence.fastq",3,"A11",203,"68",7,"b","x","x","x","fifteen",15,"Y","Y","Y","Y","Y","Y","Y","Y","Y","N","Y","Y","Y","Y","Y","Y",0.066666667,0.066666667,0.066666667,0.066666667,0.066666667,0.066666667,0.066666667,0.066666667,0.066666667,0,0.066666667,0.066666667,0.066666667,0.066666667,0.066666667,0.066666667,"15",37,3.63574411300039,1.88921095013798,1.29081379787624,11.0225778627099,0.88349998,12,24
"279012_2_sequence.fastq",3,"A12",204,"68",7,"c","x","x","x","fifteen",15,"Y","Y","Y","Y","Y","Y","Y","Y","Y","N","Y","Y","Y","Y","Y","Y",0.066666667,0.066666667,0.066666667,0.066666667,0.066666667,0.066666667,0.066666667,0.066666667,0.066666667,0,0.066666667,0.066666667,0.066666667,0.066666667,0.066666667,0.066666667,"15",52,8.89752971269423,4.13723278267487,2.18577367783965,14.2988557957915,0.96900001,19,34
"279013_2_sequence.fastq",3,"B1",205,"69",7,"a","x","x","x","fifteen",15,"Y","Y","Y","Y","Y","Y","Y","Y","Y","Y","N","Y","Y","Y","Y","Y",0.066666667,0.066666667,0.066666667,0.066666667,0.066666667,0.066666667,0.066666667,0.066666667,0.066666667,0.066666667,0,0.066666667,0.066666667,0.066666667,0.066666667,0.066666667,"15",39,7.63986503504516,4.38749450012677,2.03337993745239,8.85616596762601,0.86649999,16,28
"279014_2_sequence.fastq",3,"B2",206,"69",7,"b","x","x","x","fifteen",15,"Y","Y","Y","Y","Y","Y","Y","Y","Y","Y","N","Y","Y","Y","Y","Y",0.066666667,0.066666667,0.066666667,0.066666667,0.066666667,0.066666667,0.066666667,0.066666667,0.066666667,0.066666667,0,0.066666667,0.066666667,0.066666667,0.066666667,0.066666667,"15",41,7.66805498375667,4.08692759514563,2.03706299570499,9.4880493630899,0.84550001,16,26
"279015_2_sequence.fastq",3,"B3",207,"69",7,"c","x","x","x","fifteen",15,"Y","Y","Y","Y","Y","Y","Y","Y","Y","Y","N","Y","Y","Y","Y","Y",0.066666667,0.066666667,0.066666667,0.066666667,0.066666667,0.066666667,0.066666667,0.066666667,0.066666667,0.066666667,0,0.066666667,0.066666667,0.066666667,0.066666667,0.066666667,"15",38,8.48703105781946,4.94336053898399,2.13853924043877,8.92019536223597,0.96999999,15,23
"279016_2_sequence.fastq",3,"B4",208,"70",7,"a","x","x","x","fifteen",15,"Y","Y","Y","Y","Y","Y","Y","Y","Y","Y","Y","N","Y","Y","Y","Y",0.066666667,0.066666667,0.066666667,0.066666667,0.066666667,0.066666667,0.066666667,0.066666667,0.066666667,0.066666667,0.066666667,0,0.066666667,0.066666667,0.066666667,0.066666667,"15",47,8.4406367737913,4.2905003854975,2.13305775289355,8.81597191769632,0.90949997,13,28
"279017_2_sequence.fastq",3,"B5",209,"70",7,"b","x","x","x","fifteen",15,"Y","Y","Y","Y","Y","Y","Y","Y","Y","Y","Y","N","Y","Y","Y","Y",0.066666667,0.066666667,0.066666667,0.066666667,0.066666667,0.066666667,0.066666667,0.066666667,0.066666667,0.066666667,0.066666667,0,0.066666667,0.066666667,0.066666667,0.066666667,"15",43,9.18633299384057,6.31636545352567,2.21771683539252,13.8335050283079,0.83099999,18,25
"279018_2_sequence.fastq",3,"B6",210,"70",7,"c","x","x","x","fifteen",15,"Y","Y","Y","Y","Y","Y","Y","Y","Y","Y","Y","N","Y","Y","Y","Y",0.066666667,0.066666667,0.066666667,0.066666667,0.066666667,0.066666667,0.066666667,0.066666667,0.066666667,0.066666667,0.066666667,0,0.066666667,0.066666667,0.066666667,0.066666667,"15",48,11.8118115471639,7.26450556527117,2.46910000939984,10.0724567488564,0.81749998,14,28
"279019_2_sequence.fastq",3,"B7",211,"71",7,"a","x","x","x","fifteen",15,"Y","Y","Y","Y","Y","Y","Y","Y","Y","Y","Y","Y","N","Y","Y","Y",0.066666667,0.066666667,0.066666667,0.066666667,0.066666667,0.066666667,0.066666667,0.066666667,0.066666667,0.066666667,0.066666667,0.066666667,0,0.066666667,0.066666667,0.066666667,"15",59,10.3067458673177,6.29334013961758,2.33279861943145,15.826761524951,0.8495,23,32
"279020_2_sequence.fastq",3,"B8",212,"71",7,"b","x","x","x","fifteen",15,"Y","Y","Y","Y","Y","Y","Y","Y","Y","Y","Y","Y","N","Y","Y","Y",0.066666667,0.066666667,0.066666667,0.066666667,0.066666667,0.066666667,0.066666667,0.066666667,0.066666667,0.066666667,0.066666667,0.066666667,0,0.066666667,0.066666667,0.066666667,"15",39,5.33934560706922,3.51905693843219,1.67510309997013,9.86892618611942,1.04049999,18,19
"279021_2_sequence.fastq",3,"B9",213,"71",7,"c","x","x","x","fifteen",15,"Y","Y","Y","Y","Y","Y","Y","Y","Y","Y","Y","Y","N","Y","Y","Y",0.066666667,0.066666667,0.066666667,0.066666667,0.066666667,0.066666667,0.066666667,0.066666667,0.066666667,0.066666667,0.066666667,0.066666667,0,0.066666667,0.066666667,0.066666667,"15",42,6.16025523878873,2.96069412136808,1.81811821155533,23.6104651709859,0.98250002,15,28
"279022_2_sequence.fastq",3,"B10",214,"72",7,"a","x","x","x","fifteen",15,"Y","Y","Y","Y","Y","Y","Y","Y","Y","Y","Y","Y","Y","N","Y","Y",0.066666667,0.066666667,0.066666667,0.066666667,0.066666667,0.066666667,0.066666667,0.066666667,0.066666667,0.066666667,0.066666667,0.066666667,0.066666667,0,0.066666667,0.066666667,"15",12,3.58260534690105,3.09848264824323,1.27609028626162,4.20837466027684,0.70749998,8,9
"279023_2_sequence.fastq",3,"B11",215,"72",7,"b","x","x","x","fifteen",15,"Y","Y","Y","Y","Y","Y","Y","Y","Y","Y","Y","Y","Y","N","Y","Y",0.066666667,0.066666667,0.066666667,0.066666667,0.066666667,0.066666667,0.066666667,0.066666667,0.066666667,0.066666667,0.066666667,0.066666667,0.066666667,0,0.066666667,0.066666667,"15",48,6.90954526585348,3.07499877985921,1.93290382748873,12.4501860175767,0.89400001,19,30
"279024_2_sequence.fastq",3,"B12",216,"72",7,"c","x","x","x","fifteen",15,"Y","Y","Y","Y","Y","Y","Y","Y","Y","Y","Y","Y","Y","N","Y","Y",0.066666667,0.066666667,0.066666667,0.066666667,0.066666667,0.066666667,0.066666667,0.066666667,0.066666667,0.066666667,0.066666667,0.066666667,0.066666667,0,0.066666667,0.066666667,"15",57,8.46553406749799,3.71126772257021,2.13600310485281,40.9236678225019,0.92399999,18,36
"279025_2_sequence.fastq",3,"C1",217,"73",7,"a","x","x","x","fifteen",15,"Y","Y","Y","Y","Y","Y","Y","Y","Y","Y","Y","Y","Y","Y","N","Y",0.066666667,0.066666667,0.066666667,0.066666667,0.066666667,0.066666667,0.066666667,0.066666667,0.066666667,0.066666667,0.066666667,0.066666667,0.066666667,0.066666667,0,0.066666667,"15",32,3.86844913222717,2.56862707358647,1.35285368569698,9.31680574855063,0.9155,16,12
"279026_2_sequence.fastq",3,"C2",218,"73",7,"b","x","x","x","fifteen",15,"Y","Y","Y","Y","Y","Y","Y","Y","Y","Y","Y","Y","Y","Y","N","Y",0.066666667,0.066666667,0.066666667,0.066666667,0.066666667,0.066666667,0.066666667,0.066666667,0.066666667,0.066666667,0.066666667,0.066666667,0.066666667,0.066666667,0,0.066666667,"15",42,9.13629338118496,5.5666919959529,2.21225476504965,8.97858331018156,0.89250002,14,32
"279027_2_sequence.fastq",3,"C3",219,"73",7,"c","x","x","x","fifteen",15,"Y","Y","Y","Y","Y","Y","Y","Y","Y","Y","Y","Y","Y","Y","N","Y",0.066666667,0.066666667,0.066666667,0.066666667,0.066666667,0.066666667,0.066666667,0.066666667,0.066666667,0.066666667,0.066666667,0.066666667,0.066666667,0.066666667,0,0.066666667,"15",49,7.41625100186316,4.63611495566481,2.00367367368097,13.9694712695073,0.94549999,17,25
"279028_2_sequence.fastq",3,"C4",220,"74",7,"a","x","x","x","fifteen",15,"Y","Y","Y","Y","Y","Y","Y","Y","Y","Y","Y","Y","Y","Y","Y","N",0.066666667,0.066666667,0.066666667,0.066666667,0.066666667,0.066666667,0.066666667,0.066666667,0.066666667,0.066666667,0.066666667,0.066666667,0.066666667,0.066666667,0.066666667,0,"15",44,8.06065520231818,4.6292948358,2.08699484382483,10.3350077616355,0.8735,16,27
"279037_2_sequence.fastq",3,"D1",229,"74",7,"b","x","x","x","fifteen",15,"Y","Y","Y","Y","Y","Y","Y","Y","Y","Y","Y","Y","Y","Y","Y","N",0.066666667,0.066666667,0.066666667,0.066666667,0.066666667,0.066666667,0.066666667,0.066666667,0.066666667,0.066666667,0.066666667,0.066666667,0.066666667,0.066666667,0.066666667,0,"15",47,13.9917872629529,8.99246978981139,2.63847053340924,10.4638252609383,0.6105,20,33
"279038_2_sequence.fastq",3,"D2",230,"74",7,"c","x","x","x","fifteen",15,"Y","Y","Y","Y","Y","Y","Y","Y","Y","Y","Y","Y","Y","Y","Y","N",0.066666667,0.066666667,0.066666667,0.066666667,0.066666667,0.066666667,0.066666667,0.066666667,0.066666667,0.066666667,0.066666667,0.066666667,0.066666667,0.066666667,0.066666667,0,"15",45,7.04028380511796,4.11196198884635,1.95164848258438,14.2511844550956,0.8475,19,26
"279039_2_sequence.fastq",3,"D3",231,"75",7,"a","x","x","x","sixteen",16,"Y","Y","Y","Y","Y","Y","Y","Y","Y","Y","Y","Y","Y","Y","Y","Y",0.0625,0.0625,0.0625,0.0625,0.0625,0.0625,0.0625,0.0625,0.0625,0.0625,0.0625,0.0625,0.0625,0.0625,0.0625,0.0625,"16",46,7.09211497145359,3.86286652860069,1.95898359950943,11.3333869282294,0.88500001,18,29
"279040_2_sequence.fastq",3,"D4",232,"75",7,"b","x","x","x","sixteen",16,"Y","Y","Y","Y","Y","Y","Y","Y","Y","Y","Y","Y","Y","Y","Y","Y",0.0625,0.0625,0.0625,0.0625,0.0625,0.0625,0.0625,0.0625,0.0625,0.0625,0.0625,0.0625,0.0625,0.0625,0.0625,0.0625,"16",39,6.99418681252646,4.1470514901298,1.94507934868288,10.7693313587623,0.96750002,15,25
"279041_2_sequence.fastq",3,"D5",233,"75",7,"c","x","x","x","sixteen",16,"Y","Y","Y","Y","Y","Y","Y","Y","Y","Y","Y","Y","Y","Y","Y","Y",0.0625,0.0625,0.0625,0.0625,0.0625,0.0625,0.0625,0.0625,0.0625,0.0625,0.0625,0.0625,0.0625,0.0625,0.0625,0.0625,"16",35,5.94827296749787,3.98458624918,1.78310091986128,11.2621520376844,0.86400002,15,17
"279042_2_sequence.fastq",3,"D6",234,"75",7,"d","x","x","x","sixteen",16,"Y","Y","Y","Y","Y","Y","Y","Y","Y","Y","Y","Y","Y","Y","Y","Y",0.0625,0.0625,0.0625,0.0625,0.0625,0.0625,0.0625,0.0625,0.0625,0.0625,0.0625,0.0625,0.0625,0.0625,0.0625,0.0625,"16",41,9.9732923040647,5.80413767121648,2.29991075053245,14.2805076378926,0.94050001,17,31
"279043_2_sequence.fastq",3,"D7",235,"75",7,"e","x","x","x","sixteen",16,"Y","Y","Y","Y","Y","Y","Y","Y","Y","Y","Y","Y","Y","Y","Y","Y",0.0625,0.0625,0.0625,0.0625,0.0625,0.0625,0.0625,0.0625,0.0625,0.0625,0.0625,0.0625,0.0625,0.0625,0.0625,0.0625,"16",49,10.563697539776,4.94005959136106,2.3574233628035,34.7954062869856,0.74650001,17,31
"279044_2_sequence.fastq",3,"D8",236,"75",7,"f","x","x","x","sixteen",16,"Y","Y","Y","Y","Y","Y","Y","Y","Y","Y","Y","Y","Y","Y","Y","Y",0.0625,0.0625,0.0625,0.0625,0.0625,0.0625,0.0625,0.0625,0.0625,0.0625,0.0625,0.0625,0.0625,0.0625,0.0625,0.0625,"16",45,12.8582660668235,6.68583569601283,2.55398687821217,9.978930556376,0.79849999,17,31
"279045_2_sequence.fastq",3,"D9",237,"75",7,"g","x","x","x","sixteen",16,"Y","Y","Y","Y","Y","Y","Y","Y","Y","Y","Y","Y","Y","Y","Y","Y",0.0625,0.0625,0.0625,0.0625,0.0625,0.0625,0.0625,0.0625,0.0625,0.0625,0.0625,0.0625,0.0625,0.0625,0.0625,0.0625,"16",57,13.3518567255494,7.31845946449075,2.59165545574095,11.170342090466,0.90700001,22,34
"279046_2_sequence.fastq",3,"D10",238,"75",7,"h","x","x","x","sixteen",16,"Y","Y","Y","Y","Y","Y","Y","Y","Y","Y","Y","Y","Y","Y","Y","Y",0.0625,0.0625,0.0625,0.0625,0.0625,0.0625,0.0625,0.0625,0.0625,0.0625,0.0625,0.0625,0.0625,0.0625,0.0625,0.0625,"16",41,6.18303708340251,3.20356100383679,1.82180958819754,10.3573667517812,0.83300002,17,28
"279047_2_sequence.fastq",3,"D11",239,"75",7,"i","x","x","x","sixteen",16,"Y","Y","Y","Y","Y","Y","Y","Y","Y","Y","Y","Y","Y","Y","Y","Y",0.0625,0.0625,0.0625,0.0625,0.0625,0.0625,0.0625,0.0625,0.0625,0.0625,0.0625,0.0625,0.0625,0.0625,0.0625,0.0625,"16",40,9.07437856332204,4.8777589428682,2.20545489993535,13.014375770633,0.82150001,18,30
"279057_2_sequence.fastq",3,"E9",249,"32",7,"c","c","a","b","two",2,"Y","N","N","N","N","N","N","N","N","N","N","N","N","N","Y","N",0.5,0,0,0,0,0,0,0,0,0,0,0,0,0,0.5,0,"2",31,3.35552412409963,2.5752411014561,1.21060798001056,8.47845496875208,0.62249999,13,12
"279058_2_sequence.fastq",3,"E10",250,"64",7,"c","x","x","x","fifteen",15,"Y","Y","Y","Y","Y","N","Y","Y","Y","Y","Y","Y","Y","Y","Y","Y",0.066666667,0.066666667,0.066666667,0.066666667,0.066666667,0,0.066666667,0.066666667,0.066666667,0.066666667,0.066666667,0.066666667,0.066666667,0.066666667,0.066666667,0.066666667,"15",44,8.1453485510896,4.16057610949559,2.09744703439679,13.846997722764,0.82000002,19,27
